Rank,Title,URL,Description
1,What phone are you most excited about in 2025 : r ...,https://www.reddit.com/r/PickAnAndroidForMe/comments/1eldoq0/what_phone_are_you_most_excited_about_in_2025/,"Aug 6, 2024 ... What I would like to see in a smartphone in 2025: Android 15. Three or ... Here is the best phone for 2025. https://worldupdates.in/best ..."
2,Best phones 2025 tested — January top picks | Tom's Guide,https://www.tomsguide.com/best-picks/best-phones,"Jan 31, 2025 ... The Samsung Galaxy S25 Ultra is the new standard-bearer, and it proves that phone makers are going to have to be on their game if they hope to ..."
3,The best phones to buy in 2025 | ZDNET,https://www.zdnet.com/article/best-phone/,"4 days ago ... The Samsung Galaxy S25 Ultra, the most premium of the three flagship S phones of 2025, is the best handset you can buy from the brand. The new ..."
4,The Best Phones for 2025 | PCMag,https://www.pcmag.com/picks/the-best-phones,The Best Phones for 2025 ; Best iPhone for Most People. Apple iPhone 16 · Most affordable iPhone 16 model ; Best for Artists and Note-Takers. Samsung Galaxy S25 ...
5,Best Phone to Buy for 2025 - CNET,https://www.cnet.com/tech/mobile/best-phone/,"Jan 26, 2025 ... Best phones of 2025 ; Best phone. Apple iPhone 16 ; Best Android phone for most people. Samsung Galaxy S24 ; Best flip phone foldable. Motorola ..."
6,The best phone 2025: top smartphones in the US right now ...,https://www.techradar.com/news/best-phone,"Jan 7, 2025 ... The Google Pixel 9 Pro is our phone of the year, with a fantastic design and AI features that work so well, they can be scary. It has great cameras and it's ..."
7,"The best smartphones of 2025, tried and tested – but are they worth ...",https://www.telegraph.co.uk/recommended/tech/best-smartphones/,The best smartphones of 2024 are: Best overall: Google Pixel 9 Pro Best value: Apple iPhone 15 Plus Best camera phone: Samsung Galaxy S24 Best budget phone: ...
8,"The iPhone 17, Galaxy S25 and Other New Phones to Expect in 2025",https://www.cnet.com/tech/mobile/iphone-17-galaxy-s25-and-other-new-phones-to-expect-in-2025/,"Dec 22, 2024 ... Motorola Razr 2025 lineup ... The 2024 Motorola Razr. ... Motorola's 2024 Razr Plus was one of the most memorable devices CNET tested this year, ..."
9,Best upcoming phones for 2025: find your next phone!,https://www.stuff.tv/features/most-anticipated-upcoming-phones/,"Jan 29, 2025 ... All the best upcoming phones we're expecting soon · Apple iPhone SE 4 · OnePlus Open 2 / Oppo Find N5 · Google Pixel 9a · Nothing Phone 3."
10,The Best Smartphones for 2025 | Reviews by Wirecutter,https://www.nytimes.com/wirecutter/reviews/best-smartphones/,"Sep 19, 2024 ... We have recommendations for iPhone and Android, and all of our picks are available for all the major US carriers."
11,Best Smartphones and Tablets - February 2025,https://benchmarks.ul.com/compare/best-smartphones,5 days ago ... Search Best Smartphones and Tablets. The performance score for a device shown on this page is the median of all the results submitted by users ...
12,Best Smartphones of 2025 - Consumer Reports,https://www.consumerreports.org/electronics-computers/cell-phones/best-smartphones-of-the-year-a7852223918/,"Jan 1, 2025 ... From Apple to Samsung to OnePlus, Consumer Reports reveals the best smartphones of 2024."
13,"""Best Budget Smartphones to Explore in 2025"" - lonelybrand ...",https://lonelybrand.com/blog/best-budget-smartphones-to-explore-in-2025/,"Dec 18, 2024 ... With a price tag of just $110, the Motorola Moto G Play is an outstanding choice for budget-conscious consumers. It includes a Snapdragon 680 ..."
14,"Best Smartphone for underwater Video, Photo & Macro (2025 ...",https://waterpixels.net/forums/topic/2024-best-smartphone-for-underwater-video-photo-macro-2025/,"Jan 9, 2025 ... Lets try to understand whats the best feature a smartphone camera can have for underwater use, together with the best app for video & Photography."
15,The best camera phone in 2025: what's the best smartphone for ...,https://www.digitalcameraworld.com/buying-guides/best-camera-phone,2 days ago ... My favorite overall pick for both photo and video is the Apple iPhone 16 Pro Max with stunning quality and ease of use.
16,Best phone 2025: the top smartphones to buy right now | The Verge,https://www.theverge.com/22163811/best-phone,The bad news: flagship phones cost a small fortune these days. The good news: we can help you pick the right one and get the most for your money.
17,Best smartphones 2025: the best phones for music and movies ...,https://www.whathifi.com/best-buys/best-smartphones,"Jan 24, 2025 ... Apple's iPhone 16 Pro is a brilliant all-rounder, with excellent attention-to-detail in all areas. It's a great device to watch movies with and enjoy your ..."
18,BEST Smartphone for Early 2025! - YouTube,https://www.youtube.com/watch?v=tY208_eb_Ak,"Dec 26, 2024 ... BEST Smartphone for Late 2024, early 2025! ESR Classic Hybrid Case with Stash Stand（HaloLock） : https://amzn.to/4dfXiiC ESR Cloud Soft Case ..."
19,10 of the best wi-fi and smartphone telescopes in 2025 | BBC Sky at ...,https://www.skyatnightmagazine.com/top-astronomy-kit/wi-fi-smartphone-telescopes,"Jan 2, 2025 ... Smartphone and Wi-Fi controlled telescopes seem here to stay, and this is our pick of some of the best models that we've reviewed over the years."
20,Best Phones for Astrophotography in 2025 (Amazing Night Pics!),https://skiesandscopes.com/best-phones-for-astrophotography/,"Jan 13, 2025 ... Find the best phones for astrophotography and take amazing pictures of the stars, Milky Way, and moon with your smartphone camera.."
21,Best smartphone telescope adapters 2025,https://www.skyatnightmagazine.com/top-astronomy-kit/best-smartphone-adapters-telescopes,Below we've picked out a selection of some of the best smartphone telescope adapters available to buy online.
22,10+ Best Smartphones 2025: From Premium Phones to Budget ...,https://www.linkedin.com/pulse/10-best-smartphones-2025-from-premium-phones-budget-options-memon-uisef,"Oct 2, 2024 ... We've picked out the five best smartphones to buy in 2025. Let's take a look at our top picks. 10+ Best Smartphones 2025"
23,The best gaming phones 2025 | GamesRadar+,https://www.gamesradar.com/best-phones-for-gaming/,"Nov 13, 2024 ... A slimmer form factor means the ROG Phone 8 Pro doesn't stand out too far from the crowd of mainstream smartphones - but the fun LED matrix ..."
24,The best budget Android phone for 2025,https://www.engadget.com/mobile/smartphones/best-budget-android-phone-160029327.html,"5 days ago ... The Android phone space not only offers a variety of models made by different manufacturers, but also smartphones at all different price ..."
25,Best camera phones for photography in 2025 | Amateur Photographer,https://amateurphotographer.com/buying-advice/best-camera-phones-for-photography/,"Jan 29, 2025 ... The iPhone 14 Pro is a commendable – if somewhat iterative – upgrade to Apple's flagship smartphone. If you want the best Apple smartphone for ..."
26,Best VoIP Mobile Phone Service Providers of 2025,https://technologyadvice.com/blog/information-technology/voip-cell-phone-service/,"Dec 19, 2024 ... Reviewed by · 7 Best VoIP Cell Phone Solutions · Zoom Phone: Best for remote conferencing · Nextiva: Best for remote conferencing · RingCentral: ..."
27,Best Cell Phones for Seniors in 2025,https://www.seniorliving.org/cell-phone/best/,"5 days ago ... If you're still having trouble deciding, compare our list of the best smartphones for seniors and the best flip phones for seniors. What is ..."
28,The Best Phones for 2025,https://uk.pcmag.com/smartphones/119938/the-best-phones,6 days ago ... Deeper Dive: Our Top Tested Picks · Apple iPhone 16 · Samsung Galaxy S25 Ultra · Samsung Galaxy Z Fold 6 · Google Pixel 8a · Google Pixel 9 · Samsung ...
29,The Global Mobile Awards 2025 | MWC Barcelona,https://www.mwcbarcelona.com/mobile-awards,"With over 200 independent judges and 33 awards across seven categories, the GLOMOs continue to honor the best of the best within our ecosystem and beyond, ..."
30,Best Cheap 5G Smartphones for 2025,https://www.techrepublic.com/article/best-cheap-5g-smartphones/,"Nov 29, 2024 ... Several budget-friendly 5G devices are available that offer excellent value for money. Here are the six best cheap 5G phones for 2025."
31,Best dumb phones and non-smartphones 2025 | Good ...,https://www.goodhousekeeping.com/uk/product-reviews/tech/g33440915/best-dumb-phones/,"Jan 7, 2025 ... Here are some of our top picks: Best budget Android smartphone: Google Pixel 8a, Best budget Samsung smartphone: Samsung Galaxy A53 5G, Best budget Apple ..."
32,"The Best Smartphones 2025, | Futurism",https://vocal.media/futurism/the-best-smartphones-2025,"Feb 1, 2025 ... 1. Apple iPhone 16 Pro Max · 2. Samsung Galaxy S25 Ultra · 3. Google Pixel 9 Pro · 4. OnePlus 12 Pro · 5. Xiaomi 15 Ultra · 6. ASUS ROG Phone 8 ..."
33,Best Smartphone 2025,https://www.ign.com/articles/best-smartphone,"Jan 27, 2025 ... Here, you'll find phones that let you do a bit of everything, from the best Android phones and iPhone alternatives to the latest and greatest from Apple."
34,The Best Phones in 2025: Our top recommendations - PhoneArena,https://www.phonearena.com/news/Best-top-phones_id64576,6 days ago ... Best smartphones of 2025 at a glance. Best Premium iPhone: iPhone 16 Pro Max; Best Premium Android Phone: Samsung Galaxy S25 Ultra ...
35,"11 Best Android Phones of 2025, Tested and Reviewed | WIRED",https://www.wired.com/gallery/best-android-phones/,"Jan 22, 2025 ... But chances are there's a smartphone that comes close to what you're looking for. From the bottomless pit of phone choices, these are my ..."
36,The best smartphones for the outdoors 2025 | TGO Magazine,https://www.thegreatoutdoorsmag.com/gear-guides/best-smartphones-for-the-outdoors/,"Dec 11, 2024 ... Let's dive into the reviews of the best smartphones for the outdoors – as well as the features to look for when making your selection."
37,The Best Phones for 2025,https://www.yahoo.com/tech/best-phones-2024-200000839.html,"6 days ago ... For anyone looking for a powerful new flagship smartphone, the OnePlus 13 is has a blazing new chip, a slick design and a massive battery, all ..."
38,Smartphones: 72% of people will use only mobile for internet by 2025,https://www.cnbc.com/2019/01/24/smartphones-72percent-of-people-will-use-only-mobile-for-internet-by-2025.html,"Jan 24, 2019 ... Almost three quarters (72.6 percent) of internet users will access the web solely via their smartphones by 2025, equivalent to nearly 3.7 billion people."
39,"What is the best smartphone under ₹50,000 in 2025? - Quora",https://www.quora.com/What-is-the-best-smartphone-under-50-000-in-2025,"Jan 1, 2025 ... Oneplus 7 Pro – Rs. 48,900. · Oppo Reno 10X Zoom – Rs. 39,900. · Apple iPhone XR – Rs. 59,990. · Realme X50 Pro 5G – Rs. 44,900. · Samsung Note ..."
40,Latest Mobile Phones 2025 – Best Smartphone Deals at Sharaf DG ...,https://uae.sharafdg.com/latest-smartphones/,Shop by Latest ... iPhone 16 Series. Up to 10% off ... Samsung Galaxy S25 Series ... New Launch ... Samsung Galaxy Z Fold6 ... Up to 10% off ... Nothing Phone (2A) Plus.
41,The Best Smartphones for Photography in 2025 | PetaPixel,https://petapixel.com/best-smartphones/,"4 days ago ... Apple's seamless fusion of superior video, outstanding photography, and strong overall functionality makes the iPhone 16 Pro and Pro Max our top picks."
42,Best Phone 2025: Top 10 Mobile Phones Today - Tech Advisor,https://www.techadvisor.com/article/724318/best-smartphone.html,"4 days ago ... But if you want the best of the best when it comes to smartphones right now, the S25 Ultra is the device to get. Read our full Samsung Galaxy ..."
43,Best smartphones of 2024 you can buy in 2025 | Croma Unboxed,https://www.croma.com/unboxed/best-smartphones-of-2024-that-you-can-still-buy-in-2025,"Jan 20, 2025 ... Samsung Galaxy S24 Ultra ... Most 'Ultra' phones Samsung are very future-proof devices, and the Samsung Galaxy S24 Ultra is no different. The ..."
44,Best Smartphone 2025: The definitive ranking from our tech experts,https://www.trustedreviews.com/best/best-smartphone-3431175,"5 days ago ... Trusted Reviews recommends the very best mobile phones available now on Android and iOS, including the top options for photos, battery life and gaming"
45,Best 10 smartphones for older people to buy in 2025 | Radio Times,https://www.radiotimes.com/technology/technology-guides/best-smartphones-for-older-people/,"Jan 7, 2025 ... The Emporia Smart 5 is the perfect phone for anyone who's looking for a more stripped back, simplified experience. The streamlined interface ..."
46,Top 10 Best Android Smartphones from Tracfone ... - TracfoneReviewer,https://tracfonereviewer.blogspot.com/2023/10/10-best-android-smartphones-from.html,"Jul 17, 2024 ... Top 10 Tracfone Android Smartphones in 2025. 1. Google Pixel 6a. The Pixel 6a is the first Google phone offered by Tracfone and an extremely ..."
47,The Best iPhone in 2025: Which Apple Smartphone Is Right for You?,https://www.businessinsider.com/guides/tech/best-iphone,"3 days ago ... The iPhone 16 is our top pick as the best iPhone for most people with its combination of performance, new features, and overall value."
48,Best Smartphones Under $300 - January 2025 - Gizchina.com,https://www.gizchina.com/2025/01/31/best-smartphones-under-300-january-2025/,"Jan 31, 2025 ... Looking for a decent intermediary smartphone but do not want to break the bank? Check the best smartphones under $300 for January 2025."
49,9 Best Smartphone Choices For HoH in 2025,https://nagish.com/post/best-smartphone-for-deaf-and-hard-of-hearing,"Aug 1, 2024 ... Here are the 7 most important best mobile phones for hearing aids and features to consider if you have hearing loss."
50,The Best Smartphones for Selfies [Jan. 2025] - Gizchina.com,https://www.gizchina.com/2025/01/13/the-best-smartphones-for-selfies-rankings/,"Jan 13, 2025 ... Top Smartphones for Selfie Lovers ... According to DxOMark's data, the Honor Magic 6 Pro and Apple iPhone 16 Pro Max sit at the top of the ..."
51,The 7 Best Samsung Phones of 2025 - Latest Samsung Galaxy ...,https://www.bestproducts.com/tech/electronics/g158/best-samsung-phones-and-smartphones/,"Dec 4, 2024 ... All top-shelf smartphones from Samsung have a waterproof design and other essential features. ... best camera phone of 2025. You can snag ..."
52,Best Smartphones of 2024/2025,https://www.technetbooks.com/2024/12/best-smartphones-of-20242025.html,"Dec 8, 2024 ... A comprehensive comparison of 34 smartphones reviewed in winter 2024/25, highlighting top performers from Apple, OnePlus, and Honor."
53,Best Android phones 2025 | Android Central,https://www.androidcentral.com/best-android-phones,"3 days ago ... The OnePlus 13 received our first-ever five-star review for a smartphone, while the Samsung Galaxy S25 Ultra changes up Samsung's boxy design ..."
54,The Best Smartphones of 2025,https://www.popularmechanics.com/smartphones/,Here are our favorite ways to to stay connected with the top smartphones on the market.
55,Best smartphone cameras for video — 2025 - Videomaker,https://www.videomaker.com/buyers-guide/best-smartphone-cameras-for-video/,The Xperia 1 V continues Sony's dominance in the world of smartphone video recording. It is capable of 4K HDR recording at up to 120 fps.
56,Best phones 2025: the top smartphones you can buy | T3,https://www.t3.com/features/best-smartphone,3 days ago ... Best phones 2025: the top handsets money can buy · 1. iPhone 16 Pro · 2. Samsung Galaxy S25 Ultra · 3. Google Pixel 9 Pro XL · 4. Nothing Phone ...
57,"The Top Smartphones to Watch in 2025: iPhone SE 4, Samsung ...",https://www.bizzbuzz.news/technology/gadjets/the-top-smartphones-to-watch-in-2025-iphone-se-4-samsung-galaxy-s25-slim-google-pixel-10-pro-fold-more-1347015,"Dec 28, 2024 ... 2025 promises sleek designs, AI-powered innovations, and more affordable foldables, with big names like Apple, Samsung, Google, and OnePlus bringing fresh ..."
58,Counterpoint - Technology Market Research & Industry Analysis Firm,https://www.counterpointresearch.com/,"Ecosystem. March 20th, 2025. Shenzhen, China. View more. Counterpoint Weekly Newsletter. What Was the World's Best Selling Smartphone in 2024? View more."
59,Upcoming Mobile Phones India (February 2025) | 91mobiles.com,https://www.91mobiles.com/upcoming-mobiles-in-india,"Upcoming Mobile Phones (February 2025). Upcoming Mobile Phones, Spec ... Snapdragon 8 Gen 3 Phones · Best Camera Phones Under 30,000 · Nokia 5G Mobiles · Best ..."
60,Best Smartphones with Physical QWERTY Keyboards of 2025 | Wirefly,https://www.wirefly.com/guides/best-phones-with-physical-qwerty-keyboard,Tactile feedback provided by a physical QWERTY keyboard is hard to match with a touchscreen keyboard. Compare the best phones that feature physical keyboards.
61,What Age Should a Child Get a Smartphone: Pros and Cons of Early ...,https://research.com/education/what-age-should-a-child-get-a-smartphone,"Asynchronous Classes: Best Practices and Future Trends in 2025. by Imed Bouchrika, Phd. Guide to the FAFSA Form: Application Steps & Requirements in 2025 ..."
62,Best smartphones in 2023 | Laptop Mag,https://www.laptopmag.com/best-picks/best-smartphones,"Sep 13, 2023 ... Best smartphones in 2025 · Google Pixel 7a review · Apple iPhone 14 Pro Max · Samsung Galaxy S23 Ultra resting on a green wooden wagon in front of ..."
63,Best budget Android phones in 2025,https://www.androidpolice.com/best-budget-android-phones/,"Dec 25, 2024 ... Over the past few years, budget smartphones have benefited from a trickle-down effect as manufacturers strive to turn their high-end models into ..."
64,Great Indian Republic Day Sale 2025: Top smartphone deals on ...,https://www.deccanherald.com/technology/great-indian-republic-day-sale-2025-top-smartphone-deals-on-amazon-3352685,"Jan 13, 2025 ... Amazon is offering huge discounts and lucrative exchange deals on top-branded phones from Apple, Samsung, OnePlus, Redmi and more."
65,4 best simple Cell Phones for Seniors in 2025,https://www.razmobility.com/assistive-technology-blog/4-simple-cell-phones-for-seniors-a-review/,"Jan 21, 2025 ... The Jitterbug Smart4 is intended to be an easy-to-use smartphone, and the Jitterbug Flip2 and Consumer Cellular IRIS Flip are traditional basic ..."
66,The Best Phones for Kids 2025 | SafeWise,https://www.safewise.com/resources/best-phones-kids/,... Best for multiple kids. Troomi. : Best first phone. mother and daughter looking at smartphone. Our research led us to pick the Bark Phone as the best kids phone ...
67,How to photograph a solar eclipse with a smartphone 2025 | Space,https://www.space.com/how-to-photograph-a-solar-eclipse-with-a-smartphone,"Apr 8, 2024 ... Take incredible photos of a total solar eclipse using only your smartphone. Our expert shares how to get the best results."
68,The Best Phones for 2025,https://au.pcmag.com/smartphones/11092/the-best-phones,"Jan 8, 2025 ... If you want a top Android phone that's not from Google or Samsung, the OnePlus 12 is an excellent option. This $799 flagship meets the Pixels ..."
69,35 Best Smartphone Blogs and Websites in 2025,https://bloggers.feedspot.com/smartphone_blogs/,35 Best Smartphone Blogs ⋅ 1. GSMArena ⋅ 2. Android Authority ⋅ 3. Android Central ⋅ 4. Giz China ⋅ 5. Gizmochina ⋅ 6. Coolsmartphone ⋅ 7.
70,Best Smartphones in Nigeria for 2025: Complete Guide for Local ...,https://www.migoexpress.shop/blog/best-smartphones-in-Nigeria-for-local-buyers,"2025 brings an exciting array of smartphones, offering cutting-edge features such as high-resolution displays, powerful processors, and revolutionary camera ..."
71,Best smartphones of 2025 | The Versus ranking,https://versus.com/en/phone/best,"Dec 29, 2020 ... Huawei was one of the first manufacturers to employ completely different lenses and sensors on dual-camera modules. Some of Huawei flagships ..."
72,Smartphone Ranking - DXOMARK,https://www.dxomark.com/smartphones/,"Top Smartphones. by Camera score. Sort by. Camera, Selfie, Audio, Display, Battery ... Copyright © 2008-2025 DXOMARK. All rights reserved - Terms & Conditions ..."
73,"Smartphones, Tablets, or Laptops: What's Best for Travelers in 2025?",https://www.nomadicmatt.com/travel-blogs/smartphones-tablets-laptops-whats-best-travelers/,"Aug 12, 2024 ... Here are the pros and cons of carrying a smartphone, laptop, or tablet with you on the road (as well as some gear suggestions)."
74,The Best Small Smartphones in 2025,https://www.yournavi.com/posts/small-smartphone,Small Smartphones: Top Picks for 2025 · Samsung Galaxy Z Flip · Apple iPhone 16 · Apple iPhone SE · Motorola Razr+ (2024). The best small phones offer high ...
75,"Top 5G Mobile Phones Under ₹10,000 in India - January 2025",https://indianexpress.com/article/technology/mobile-tabs/best-5g-mobile-phones-under-rs-10000-in-2025-9762721/,"Jan 7, 2025 ... 5G smartphones under Rs 10,000 in 2025: Pocket-friendly 5G smartphones ; Samsung, Samsung Galaxy A series, Samsung Galaxy A series phones, ..."
76,Ulefone Wins Best of CES 2025 with AI-Powered Rugged ...,https://www.ulefone.com/blogs/newsroom/ulefone-wins-best-of-ces-2025-with-ai-powered-rugged-smartphones-taking-center-stage,"Jan 11, 2025 ... Ulefone Wins Best of CES 2025 with AI-Powered Rugged Smartphones Taking Center Stage ·, has been popular since its October 2024 launch. These ..."
77,Top 6 GenAI-Powered Smartphones to Watch in 2025,https://www.analyticsvidhya.com/blog/2024/12/genai-powered-phones/,"Dec 31, 2024 ... Canalys has estimated that by 2025, 58% of new smartphones will have GenAI capabilities. This reflects the strong demand from consumers for these novel ..."
78,The best cellphones for blind people in 2025 | A Hable One Guide,https://www.iamhable.com/en-am/blogs/article/the-best-cellphones-for-blind-people-in-2025-a-hable-one-guide,"Sep 4, 2024 ... In today's world, the sheer variety of smartphones and mobile devices can be overwhelming. From mainstream phones that everyone uses to ..."
79,Best Rated Smartphones 2025 | CHOICE Reviews,https://www.choice.com.au/electronics-and-technology/phones/mobile-phones/review-and-compare/smartphones,"Jan 16, 2025 ... Our experts test over 25 smartphones, including the Apple iPhone, Samsung and Google Pixel range, to see which phones have the best sound, ..."
80,"10 best mobiles under ₹30,000 that will continue to be great ...",https://www.hindustantimes.com/technology/10-best-mobiles-under-rs-30-000-that-will-continue-to-be-great-options-in-2025-101734955798403.html,"Dec 23, 2024 ... 10 best mobiles under ₹30,000 that will continue to be great options in 2025 · 1. Motorola Edge 50 Neo · 2. OnePlus Nord 4 · 3. OnePlus Nord CE4 · 4 ..."
81,The Best Phones with a Headphone Jack (2025) - SimplyMac,https://www.simplymac.com/tech/the-best-phones-with-a-headphone-jack,"Dec 11, 2024 ... The ongoing presence of the 3.5mm jack in certain smartphones shows that there is still a demand for wired audio connections. Best Phones with ..."
82,The Best Workouts Apps for iOS and Android Smartphones in 2025,https://www.menshealth.com/fitness/g63304919/best-workout-apps/,"Dec 30, 2024 ... The 12 Best Workout Apps to Help You Get Fit, According to Certified Trainers. These apps open up a whole word of fitness features at your fingertips."
83,The best Smartphones on the European Market (2025) | topten.eu,https://www.topten.eu/private/products/smartphones,Easy to repair smartphones: Find and compare the best Smartphones in Europe.
84,Amazon Great Republic Day Sale 2025: Best Deals on Budget ...,https://www.gadgets360.com/internet/features/amazon-great-republic-day-sale-2025-offers-deals-discounts-budget-redmi-realme-smartphones-7462787,"Jan 13, 2025 ... Besides the regular discounts, Amazon provides up to 10 percent discount on purchases made using select bank cards during the sale. Smartphones ..."
85,Governor Newsom signs legislation to limit the use of smartphones ...,https://www.gov.ca.gov/2024/09/23/governor-newsom-signs-legislation-to-limit-the-use-of-smartphones-during-school-hours/,"Sep 23, 2024 ... First Partner, Health care, Press Releases, Recent News, Top Story ... Feb 7, 2025. News SACRAMENTO – Governor Gavin Newsom today announced ..."
86,Best Smartphones for Impaired Hearing 2025 ...,https://www.amplifiedtelephones.co.uk/news/best-smartphones-for-impaired-hearing-2020.html,"Jan 1, 2025 ... We're experts on all sorts of loud and accessible mobile phones, and we've selected a couple of our favourites as our Best Smartphones for Impaired Hearing."
87,"Best camera mobiles under ₹30,000 in February 2025: Vivo V40e ...",https://www.livemint.com/technology/best-camera-mobiles-under-rs-30-000-in-february-2025-vivo-v40e-oneplus-nord-4-and-more-11739016953514.html,"1 day ago ... As Valentine's Day nears, February offers great deals on smartphones. Notable best-camera smartphone options under ₹30000 include the ..."
88,Best Mobile Phone Recorder for In-Person Conversations in 2025,https://convin.ai/blog/best-mobile-phone-recorder-in-person-conversations-2025,"Dec 20, 2024 ... This blog explores the best mobile phone recorders for in-person conversations in 2025. You'll learn about the essential features, leading apps, and expert ..."
89,"Black Friday 2025: Our Best Phone, Tablet & Tech Deals",https://www.t-mobile.com/offers/black-friday-deals,"Nov 28, 2024 ... You can find incredible discounts all year long for when you shop smartphones, tablets, smartwatches, hotspot devices, or other tech at T-Mobile ..."
90,6 best Smartphones of 2025 | NEWS.am TECH - Innovations and ...,https://tech.news.am/eng/news/5054/,"2 days ago ... 6 best Smartphones of 2025 · Xiaomi 14 Ultra – A Flagship for Mobile Photography Enthusiasts · Samsung Galaxy S24 Ultra – Power, Versatility, and ..."
91,Amazon Great Republic Day Sale 2025: Check Best Smartphones ...,https://www.timesnownews.com/technology-science/amazon-great-republic-day-sale-2025-check-best-smartphones-deals-bank-offers-cashbacks-and-more-article-117194809,"Jan 13, 2025 ... The platform is offering exciting deals on top smartphone brands, including OnePlus, Apple, Samsung, iQOO, Realme, Xiaomi, Poco, Motorola, Honor, Lava, Tecno, ..."
92,8 Best Business Smartphones to Use in 2024 and Early 2025,https://www.efani.com/blog/best-business-smartphones,"May 21, 2024 ... This guide dives into the best business smartphones in 2024, all explained in super simple terms. We'll break down the top picks with bullet points."
93,May 2025 be the year our buildings are smarter than our ...,https://www.instagram.com/vincentcallebautarchitectures/p/DEh_A7_xFkH/,"Jan 7, 2025 ... May 2025 be the year our buildings are smarter than our smartphones, greener than our smoothies and more sustainable than our New Year's ..."
94,Happy New Year everyone!!!! . Why not start 2025 by taking part in ...,https://www.instagram.com/mobiography/p/DEeuJTZNYje/happy-new-year-everyonewhy-not-start-2025-by-taking-part-in-this-weeks-mobiograp/,"Jan 6, 2025 ... ... 2025 is - 'Wintertime'. . For this challenge think about sharing your best smartphone photos that sum up the idea of Wintertime - Think ..."
95,Edmunds: The best midsize SUVs for families in 2025 - Powell River ...,https://www.prpeak.com/the-mix/edmunds-the-best-midsize-suvs-for-families-in-2025-9938235,"Dec 11, 2024 ... Along with smartphones and streaming subscriptions, the three-row SUV is now a staple of American family life."
96,Top of the Town - Brand New For 2025 SpeedQuizzing Smartphone ...,https://m.facebook.com/TOTTBarGrill/photos/brand-new-for-2025-speedquizzing-smartphone-quiz-last-thursday-of-every-month-we/590550323609973/,"Jan 9, 2025 ... Brand New For 2025 SpeedQuizzing Smartphone Quiz | Last Thursday of every month.. Well nearly!! Christmas Days a NoNo No Paper, ..."
97,Ethics Center announces book clubs for Spring 2025 | Western ...,https://wmich.edu/ethics/news/2025/01/ethics-books,"Jan 9, 2025 ... ... smartphones and social media? Can and should we protect children ... best way to think of AI is as a mirror, rather than a mind. When ..."
98,iPhone 13 Pro Max vs Samsung Galaxy S22 review 2025 ...,https://www.moneysupermarket.com/mobile-phones/phone-reviews/iphone-13-pro-max-vs-samsung-galaxy-s22-ultra/,"Aug 25, 2022 ... It's the battle of the smartphone giants. One one side, Apple's incredible iPhone 13 Pro Max. On the other, Samsung's top notch Galaxy S22 ..."
99,"Top Smartphones under ₹20,000 to kickstart your 2025 ...",https://www.facebook.com/pctabletin/videos/top-smartphones-under-20000-to-kickstart-your-2025-smartphones-smartphone-budget/919996836936588/,"Jan 2, 2025 ... Top Smartphones under ₹20,000 to kickstart your 2025! . . . . #smartphones #smartphone #budget #technology ..."
100,Shop Mobile Phone & Tablets| Best Denki,https://www.bestdenki.com.sg/it-mobile/mobile-phone.html?mgs_brand=610,"... SMART PHONES R8S PRO - BLACK. Sale. Free Gift. FREE : 5-IN-1 Gift Pack - 2106667, PB-50 - 2108302 (till 31 Jan 2025). SHARP SMART PHONES R8S ..."
